<?xml version="1.0" encoding="gb2312"?>
<configuration>
  <configinfo>
    <name>
    </name>
    <description>
    </description>
  </configinfo>
  <sql>
    <tablelist>
select table_catalog,table_schema,table_name,table_type from information_schema.tables where table_schema='@database'
  </tablelist>
    <tablecolumnlist>
select column_name,data_type,IFNULL(character_maximum_length,0),IFNULL(numeric_precision,0),IFNULL(numeric_scale,0),column_default,left(is_nullable,1),replace(IFNULL(column_key,'N'),'PRI','Y'),column_comment from information_schema.columns where table_schema='@database' and table_name='@tablename' order by ordinal_position asc
  </tablecolumnlist>
    <procedurelist>
    </procedurelist>
    <procedurecolumnlist>
    </procedurecolumnlist>
  </sql>
  <wordlist>
    <segword />
  </wordlist>
</configuration>