<?xml version="1.0" encoding="gb2312"?>
<configuration>
  <configinfo>
    <name>
    </name>
    <description>
    </description>
  </configinfo>
  <sql>
    <tablelist>
SELECT 'CATALOG' as TABLE_CATALOG, 'SCHEMA' as TABLE_SCHEMA, TNAME AS TABLE_NAME, TABTYPE AS TABLE_TYPE FROM TAB
  </tablelist>
    <tablecolumnlist>
SELECT
        A.COLUMN_NAME AS name,
        A.DATA_TYPE AS type,
        A.DATA_LENGTH AS length,
        nvl(A.DATA_PRECISION,0) AS perc,
        nvl(A.DATA_SCALE,0) AS scale,
        A.DATA_DEFAULT AS defaultvalue,
        A.NULLABLE AS nullable,
        CASE A.COLUMN_NAME WHEN D.COLUMN_NAME THEN 'Y' ELSE 'N' END AS primarykey,
        B.COMMENTS,
        A.COLUMN_ID AS id
FROM USER_TAB_COLUMNS A, USER_COL_COMMENTS B, USER_CONSTRAINTS C, USER_CONS_COLUMNS D
WHERE
      A.TABLE_NAME = B.TABLE_NAME
      AND A.TABLE_NAME = C.TABLE_NAME(+)
      AND A.COLUMN_NAME = B.COLUMN_NAME
      AND C.CONSTRAINT_TYPE='P'
      AND D.CONSTRAINT_NAME=C.CONSTRAINT_NAME
      AND A.TABLE_NAME = '@tablename'
ORDER BY id
  </tablecolumnlist>
    <procedurelist>
    </procedurelist>
    <procedurecolumnlist>
    </procedurecolumnlist>
    <columnlist />
    <database />
  </sql>
  <sql>
  </sql>
  <sql>
  </sql>
  <wordlist>
    <segword></segword>
  </wordlist>
</configuration>