<?xml version="1.0" encoding="gb2312"?>
<configuration>
<configinfo>
	<name></name>
	<description></description>
</configinfo>
<appmapping>
	<propertytype>boolean</propertytype>
	<columntype>tinyint</columntype>
	<lengthmax>1</lengthmax>
	<lengthmin>0</lengthmin>
	<precisionmax>0</precisionmax>
	<precisionmin>0</precisionmin>
	<scalemax>0</scalemax>
	<scalemin>0</scalemin>
</appmapping>
<appmapping>
	<propertytype>boolean</propertytype>
	<columntype>bit</columntype>
	<lengthmax>1</lengthmax>
	<lengthmin>0</lengthmin>
	<precisionmax>0</precisionmax>
	<precisionmin>0</precisionmin>
	<scalemax>0</scalemax>
	<scalemin>0</scalemin>
</appmapping>
<appmapping>
	<propertytype>int</propertytype>
	<columntype>int</columntype>
	<lengthmax>0</lengthmax>
	<lengthmin>0</lengthmin>
	<precisionmax>10</precisionmax>
	<precisionmin>0</precisionmin>
	<scalemax>0</scalemax>
	<scalemin>0</scalemin>
</appmapping>
<appmapping>
	<propertytype>int</propertytype>
	<columntype>smallint</columntype>
	<lengthmax>11</lengthmax>
	<lengthmin>0</lengthmin>
	<precisionmax>0</precisionmax>
	<precisionmin>0</precisionmin>
	<scalemax>0</scalemax>
	<scalemin>0</scalemin>
</appmapping>
<appmapping>
	<propertytype>int</propertytype>
	<columntype>tinyint</columntype>
	<lengthmax>4</lengthmax>
	<lengthmin>0</lengthmin>
	<precisionmax>3</precisionmax>
	<precisionmin>0</precisionmin>
	<scalemax>0</scalemax>
	<scalemin>0</scalemin>
</appmapping>
<appmapping>
	<propertytype>long</propertytype>
	<columntype>bigint</columntype>
	<lengthmax>22</lengthmax>
	<lengthmin>0</lengthmin>
	<precisionmax>19</precisionmax>
	<precisionmin>0</precisionmin>
	<scalemax>0</scalemax>
	<scalemin>0</scalemin>
</appmapping>
<appmapping>
	<propertytype>float</propertytype>
	<columntype>float</columntype>
	<lengthmax>0</lengthmax>
	<lengthmin>0</lengthmin>
	<precisionmax>12</precisionmax>
	<precisionmin>0</precisionmin>
	<scalemax>0</scalemax>
	<scalemin>0</scalemin>
</appmapping>
<appmapping>
	<propertytype>double</propertytype>
	<columntype>double</columntype>
	<lengthmax>0</lengthmax>
	<lengthmin>0</lengthmin>
	<precisionmax>22</precisionmax>
	<precisionmin>0</precisionmin>
	<scalemax>0</scalemax>
	<scalemin>0</scalemin>
</appmapping>
<appmapping>
	<propertytype>String</propertytype>
	<columntype>varchar</columntype>
	<lengthmax>65535</lengthmax>
	<lengthmin>0</lengthmin>
	<precisionmax>0</precisionmax>
	<precisionmin>0</precisionmin>
	<scalemax>0</scalemax>
	<scalemin>0</scalemin>
</appmapping>
<appmapping>
	<propertytype>String</propertytype>
	<columntype>tinytext</columntype>
	<lengthmax>0</lengthmax>
	<lengthmin>0</lengthmin>
	<precisionmax>0</precisionmax>
	<precisionmin>0</precisionmin>
	<scalemax>0</scalemax>
	<scalemin>0</scalemin>
</appmapping>
<appmapping>
	<propertytype>String</propertytype>
	<columntype>mediumtext</columntype>
	<lengthmax>65000</lengthmax>
	<lengthmin>0</lengthmin>
	<precisionmax>0</precisionmax>
	<precisionmin>0</precisionmin>
	<scalemax>0</scalemax>
	<scalemin>0</scalemin>
</appmapping>
<appmapping>
	<propertytype>String</propertytype>
	<columntype>text</columntype>
	<lengthmax>65535</lengthmax>
	<lengthmin>0</lengthmin>
	<precisionmax>0</precisionmax>
	<precisionmin>0</precisionmin>
	<scalemax>0</scalemax>
	<scalemin>0</scalemin>
</appmapping>
<appmapping>
	<propertytype>String</propertytype>
	<columntype>char</columntype>
	<lengthmax>255</lengthmax>
	<lengthmin>0</lengthmin>
	<precisionmax>0</precisionmax>
	<precisionmin>0</precisionmin>
	<scalemax>0</scalemax>
	<scalemin>0</scalemin>
</appmapping>
<appmapping>
	<propertytype>Date</propertytype>
	<columntype>datetime</columntype>
	<lengthmax>0</lengthmax>
	<lengthmin>0</lengthmin>
	<precisionmax>0</precisionmax>
	<precisionmin>0</precisionmin>
	<scalemax>0</scalemax>
	<scalemin>0</scalemin>
</appmapping>
</configuration>