<?xml version="1.0" encoding="gb2312"?>
<configuration>
<configinfo>
	<name></name>
	<description></description>
</configinfo>
<appmapping>
	<propertytype>int</propertytype>
	<columntype>NUMBER</columntype>
	<lengthmax>22</lengthmax>
	<lengthmin>0</lengthmin>
	<precisionmax>9</precisionmax>
	<precisionmin>0</precisionmin>
	<scalemax>0</scalemax>
	<scalemin>0</scalemin>
</appmapping>
<appmapping>
	<propertytype>long</propertytype>
	<columntype>NUMBER</columntype>
	<lengthmax>22</lengthmax>
	<lengthmin>0</lengthmin>
	<precisionmax>20</precisionmax>
	<precisionmin>10</precisionmin>
	<scalemax>0</scalemax>
	<scalemin>0</scalemin>
</appmapping>
<appmapping>
	<propertytype>double</propertytype>
	<columntype>NUMBER</columntype>
	<lengthmax>22</lengthmax>
	<lengthmin>0</lengthmin>
	<precisionmax>20</precisionmax>
	<precisionmin>0</precisionmin>
	<scalemax>20</scalemax>
	<scalemin>1</scalemin>
</appmapping>
<appmapping>
	<propertytype>String</propertytype>
	<columntype>VARCHAR2</columntype>
	<lengthmax>4096</lengthmax>
	<lengthmin>0</lengthmin>
	<precisionmax>0</precisionmax>
	<precisionmin>0</precisionmin>
	<scalemax>0</scalemax>
	<scalemin>0</scalemin>
</appmapping>
<appmapping>
	<propertytype>clob</propertytype>
	<columntype>CLOB</columntype>
	<lengthmax>4000</lengthmax>
	<lengthmin>4000</lengthmin>
	<precisionmax>0</precisionmax>
	<precisionmin>0</precisionmin>
	<scalemax>0</scalemax>
	<scalemin>0</scalemin>
</appmapping>
<appmapping>
	<propertytype>String</propertytype>
	<columntype>char</columntype>
	<lengthmax>2048</lengthmax>
	<lengthmin>0</lengthmin>
	<precisionmax>0</precisionmax>
	<precisionmin>0</precisionmin>
	<scalemax>0</scalemax>
	<scalemin>0</scalemin>
</appmapping>
<appmapping>
	<propertytype>Date</propertytype>
	<columntype>DATE</columntype>
	<lengthmax>7</lengthmax>
	<lengthmin>7</lengthmin>
	<precisionmax>0</precisionmax>
	<precisionmin>0</precisionmin>
	<scalemax>0</scalemax>
	<scalemin>0</scalemin>
</appmapping>
</configuration>